MapDate,StateAbbreviation,None,D0,D1,D2,D3,D4,avg_D,ValidStart,ValidEnd,StatisticFormatID
20241029,CA,25.37,62.37,7.96,4.3,0,0,14.926,10/29/2024,11/4/2024,2
20241022,CA,24.68,61.28,9.74,4.3,0,0,15.064,10/22/2024,10/28/2024,2
20241015,CA,24.68,61.28,9.74,4.3,0,0,15.064,10/15/2024,10/21/2024,2
20241008,CA,24.68,61.55,12.06,1.72,0,0,15.066,10/8/2024,10/14/2024,2
20241001,CA,28.4,60.94,10.59,0.08,0,0,14.322,10/1/2024,10/7/2024,2
20240924,CA,28.59,60.75,10.59,0.08,0,0,14.284,9/24/2024,9/30/2024,2
20240917,CA,28.59,60.75,10.59,0.08,0,0,14.284,9/17/2024,9/23/2024,2
20240910,CA,28.59,60.73,10.61,0.08,0,0,14.284,9/10/2024,9/16/2024,2
20240903,CA,45.59,46.05,8.36,0,0,0,10.882,9/3/2024,9/9/2024,2
20240827,CA,58.11,34.98,6.81,0.1,0,0,8.378,8/27/2024,9/2/2024,2
20240820,CA,66.59,26.5,6.81,0.1,0,0,6.682,8/20/2024,8/26/2024,2
20240813,CA,77.29,17.4,5.32,0,0,0,4.544,8/13/2024,8/19/2024,2
20240806,CA,77.26,17.43,5.32,0,0,0,4.55,8/6/2024,8/12/2024,2
20240730,CA,78.78,16.77,4.44,0,0,0,4.242,7/30/2024,8/5/2024,2
20240723,CA,78.8,16.76,4.44,0,0,0,4.24,7/23/2024,7/29/2024,2
20240716,CA,78.8,19.59,1.62,0,0,0,4.242,7/16/2024,7/22/2024,2
20240709,CA,80.72,18.5,0.77,0,0,0,3.854,7/9/2024,7/15/2024,2
20240702,CA,94.25,5.75,0,0,0,0,1.15,7/2/2024,7/8/2024,2
20240625,CA,97.18,2.82,0,0,0,0,0.564,6/25/2024,7/1/2024,2
20240618,CA,98.79,1.21,0,0,0,0,0.242,6/18/2024,6/24/2024,2
20240611,CA,98.79,1.21,0,0,0,0,0.242,6/11/2024,6/17/2024,2
20240604,CA,98.78,1.22,0,0,0,0,0.244,6/4/2024,6/10/2024,2
20240528,CA,98.77,1.23,0,0,0,0,0.246,5/28/2024,6/3/2024,2
20240521,CA,98.77,1.23,0,0,0,0,0.246,5/21/2024,5/27/2024,2
20240514,CA,98.77,1.23,0,0,0,0,0.246,5/14/2024,5/20/2024,2
20240507,CA,97.32,2.68,0,0,0,0,0.536,5/7/2024,5/13/2024,2
20240430,CA,97.32,2.68,0,0,0,0,0.536,4/30/2024,5/6/2024,2
20240423,CA,97.32,2.68,0,0,0,0,0.536,4/23/2024,4/29/2024,2
20240416,CA,97.32,2.68,0,0,0,0,0.536,4/16/2024,4/22/2024,2
20240409,CA,97.32,2.68,0,0,0,0,0.536,4/9/2024,4/15/2024,2
20240402,CA,95.46,4.54,0,0,0,0,0.908,4/2/2024,4/8/2024,2
20240326,CA,95.46,4.54,0,0,0,0,0.908,3/26/2024,4/1/2024,2
20240319,CA,95.46,4.54,0,0,0,0,0.908,3/19/2024,3/25/2024,2
20240312,CA,95.46,4.54,0,0,0,0,0.908,3/12/2024,3/18/2024,2
20240305,CA,95.46,4.54,0,0,0,0,0.908,3/5/2024,3/11/2024,2
20240227,CA,92.97,7.03,0,0,0,0,1.406,2/27/2024,3/4/2024,2
20240220,CA,92.97,7.03,0,0,0,0,1.406,2/20/2024,2/26/2024,2
20240213,CA,92.81,7.19,0,0,0,0,1.438,2/13/2024,2/19/2024,2
20240206,CA,92.84,7.16,0,0,0,0,1.432,2/6/2024,2/12/2024,2
20240130,CA,90.53,9.47,0,0,0,0,1.894,1/30/2024,2/5/2024,2
20240123,CA,96.55,3.45,0,0,0,0,0.69,1/23/2024,1/29/2024,2
20240116,CA,96.65,3.35,0,0,0,0,0.67,1/16/2024,1/22/2024,2
20240109,CA,96.65,3.35,0,0,0,0,0.67,1/9/2024,1/15/2024,2
20240102,CA,96.65,3.35,0,0,0,0,0.67,1/2/2024,1/8/2024,2
20231226,CA,96.65,3.35,0,0,0,0,0.67,12/26/2023,1/1/2024,2
20231219,CA,96.33,3.67,0,0,0,0,0.734,12/19/2023,12/25/2023,2
20231212,CA,96.33,3.67,0,0,0,0,0.734,12/12/2023,12/18/2023,2
20231205,CA,96.33,3.67,0,0,0,0,0.734,12/5/2023,12/11/2023,2
20231128,CA,95.32,4.68,0,0,0,0,0.936,11/28/2023,12/4/2023,2
20231121,CA,95.32,4.68,0,0,0,0,0.936,11/21/2023,11/27/2023,2
20231114,CA,95.32,4.68,0,0,0,0,0.936,11/14/2023,11/20/2023,2
20231107,CA,94.04,5.96,0,0,0,0,1.192,11/7/2023,11/13/2023,2
20231031,CA,94.34,5.66,0,0,0,0,1.132,10/31/2023,11/6/2023,2
20231024,CA,94.32,5.68,0,0,0,0,1.136,10/24/2023,10/30/2023,2
20231017,CA,94.32,5.68,0,0,0,0,1.136,10/17/2023,10/23/2023,2
20231010,CA,93.98,5.95,0.07,0,0,0,1.204,10/10/2023,10/16/2023,2
20231003,CA,94.01,5.93,0.07,0,0,0,1.2,10/3/2023,10/9/2023,2
20230926,CA,94.01,5.93,0.07,0,0,0,1.2,9/26/2023,10/2/2023,2
20230919,CA,93.53,6.23,0.24,0,0,0,1.294,9/19/2023,9/25/2023,2
20230912,CA,93.54,6.24,0.22,0,0,0,1.292,9/12/2023,9/18/2023,2
20230905,CA,93.53,6.25,0.22,0,0,0,1.294,9/5/2023,9/11/2023,2
20230829,CA,93.35,5.3,1.35,0,0,0,1.33,8/29/2023,9/4/2023,2
20230822,CA,93.33,5.3,1.38,0,0,0,1.336,8/22/2023,8/28/2023,2
20230815,CA,74.56,18.17,7.27,0,0,0,5.088,8/15/2023,8/21/2023,2
20230808,CA,74.55,18.18,7.28,0,0,0,5.092,8/8/2023,8/14/2023,2
20230801,CA,74.43,19.05,6.52,0,0,0,5.114,8/1/2023,8/7/2023,2
20230725,CA,74.43,19.28,6.29,0,0,0,5.114,7/25/2023,7/31/2023,2
20230718,CA,74.45,19.26,6.29,0,0,0,5.11,7/18/2023,7/24/2023,2
20230711,CA,71.95,21.76,6.29,0,0,0,5.61,7/11/2023,7/17/2023,2
20230704,CA,71.95,23.42,4.63,0,0,0,5.61,7/4/2023,7/10/2023,2
20230627,CA,71.88,23.49,4.63,0,0,0,5.624,6/27/2023,7/3/2023,2
20230620,CA,72.32,23.05,4.63,0,0,0,5.536,6/20/2023,6/26/2023,2
20230613,CA,72.32,23.05,4.63,0,0,0,5.536,6/13/2023,6/19/2023,2
20230606,CA,70.88,24.49,4.63,0,0,0,5.824,6/6/2023,6/12/2023,2
20230530,CA,70.88,24.49,4.63,0,0,0,5.824,5/30/2023,6/5/2023,2
20230523,CA,70.86,24.51,4.63,0,0,0,5.828,5/23/2023,5/29/2023,2
20230516,CA,68.02,26.03,5.95,0,0,0,6.396,5/16/2023,5/22/2023,2
20230509,CA,68.02,26.03,5.95,0,0,0,6.396,5/9/2023,5/15/2023,2
20230502,CA,68.04,23.98,7.98,0,0,0,6.392,5/2/2023,5/8/2023,2
20230425,CA,68.04,23.98,7.98,0,0,0,6.392,4/25/2023,5/1/2023,2
20230418,CA,65.67,25.55,8.79,0,0,0,6.868,4/18/2023,4/24/2023,2
20230411,CA,65.67,25.55,8.79,0,0,0,6.868,4/11/2023,4/17/2023,2
20230404,CA,56.17,18.97,24.04,0.82,0,0,8.766,4/4/2023,4/10/2023,2
20230328,CA,55.34,16.55,26.17,1.95,0,0,8.934,3/28/2023,4/3/2023,2
20230321,CA,48.51,15.61,27.39,8.49,0,0,10.298,3/21/2023,3/27/2023,2
20230314,CA,44.66,18.92,27.93,8.49,0,0,11.068,3/14/2023,3/20/2023,2
20230307,CA,26.84,30.1,24.06,19,0,0,14.632,3/7/2023,3/13/2023,2
20230228,CA,16.71,34.17,24.17,24.96,0,0,16.66,2/28/2023,3/6/2023,2
20230221,CA,0.61,14.8,51.98,32.62,0,0,19.88,2/21/2023,2/27/2023,2
20230214,CA,0.64,14.76,51.98,32.62,0,0,19.872,2/14/2023,2/20/2023,2
20230207,CA,0.64,14.76,51.98,32.62,0,0,19.872,2/7/2023,2/13/2023,2
20230131,CA,0.64,9.8,56.99,32.57,0,0,19.872,1/31/2023,2/6/2023,2
20230124,CA,0.64,9.8,56.99,32.57,0,0,19.872,1/24/2023,1/30/2023,2
20230117,CA,0.64,7.24,49.27,42.84,0,0,19.87,1/17/2023,1/23/2023,2
20230110,CA,0,4.62,49.38,45.68,0.32,0,20,1/10/2023,1/16/2023,2
20230103,CA,0,2.07,26.79,44.04,27.1,0,20,1/3/2023,1/9/2023,2
20221227,CA,0,2.06,17.38,45.06,28.33,7.16,19.998,12/27/2022,1/2/2023,2
20221220,CA,0,2.06,17.38,45.06,28.33,7.16,19.998,12/20/2022,12/26/2022,2
20221213,CA,0,2.06,17.38,45.06,28.33,7.16,19.998,12/13/2022,12/19/2022,2
20221206,CA,0,0.52,14.51,44.89,27.35,12.73,20,12/6/2022,12/12/2022,2
20221129,CA,0,0.52,14.51,44.05,28.19,12.73,20,11/29/2022,12/5/2022,2
20221122,CA,0,0.52,14.51,44.05,28.19,12.73,20,11/22/2022,11/28/2022,2
20221115,CA,0,0.52,14.51,44.05,28.18,12.73,19.998,11/15/2022,11/21/2022,2
20221108,CA,0,0.49,11.43,46.69,24.83,16.57,20.002,11/8/2022,11/14/2022,2
20221101,CA,0,0.23,7.94,48.76,26.5,16.57,20,11/1/2022,11/7/2022,2
20221025,CA,0,0.23,7.94,48.76,26.5,16.57,20,10/25/2022,10/31/2022,2
20221018,CA,0,0.23,7.94,50.92,24.34,16.57,20,10/18/2022,10/24/2022,2
20221011,CA,0,0.23,5.77,53.09,24.34,16.57,20,10/11/2022,10/17/2022,2
20221004,CA,0,0.23,5.75,53.12,24.34,16.57,20.002,10/4/2022,10/10/2022,2
20220927,CA,0,0.24,5.75,53.11,24.34,16.57,20.002,9/27/2022,10/3/2022,2
20220920,CA,0,0.24,5.7,53.15,24.34,16.57,20,9/20/2022,9/26/2022,2
20220913,CA,0,0.24,5.7,53.15,24.34,16.57,20,9/13/2022,9/19/2022,2
20220906,CA,0,0.24,2.24,57.35,23.61,16.57,20.002,9/6/2022,9/12/2022,2
20220830,CA,0,0.24,2.24,57.35,23.61,16.57,20.002,8/30/2022,9/5/2022,2
20220823,CA,0,0.24,2.24,54.36,26.59,16.57,20,8/23/2022,8/29/2022,2
20220816,CA,0,0.24,2.24,54.36,26.59,16.57,20,8/16/2022,8/22/2022,2
20220809,CA,0,0.23,2.25,51.71,29.28,16.53,20,8/9/2022,8/15/2022,2
20220802,CA,0,0.22,2.31,37.66,47.7,12.12,20.002,8/2/2022,8/8/2022,2
20220726,CA,0,0.22,2.31,37.66,47.07,12.74,20,7/26/2022,8/1/2022,2
20220719,CA,0,0.22,2.31,37.66,47.07,12.74,20,7/19/2022,7/25/2022,2
20220712,CA,0,0.2,2.31,37.67,47.07,12.74,19.998,7/12/2022,7/18/2022,2
20220705,CA,0,0.2,2.31,37.67,48.22,11.59,19.998,7/5/2022,7/11/2022,2
20220628,CA,0,0.21,2.31,37.67,48.22,11.59,20,6/28/2022,7/4/2022,2
20220621,CA,0,0.21,2.31,37.67,48.22,11.59,20,6/21/2022,6/27/2022,2
20220614,CA,0,0.21,2.31,37.67,48.22,11.59,20,6/14/2022,6/20/2022,2
20220607,CA,0,0.21,2.31,37.67,48.22,11.59,20,6/7/2022,6/13/2022,2
20220531,CA,0,0.14,2.3,37.75,48.22,11.59,20,5/31/2022,6/6/2022,2
20220524,CA,0,0.14,2.3,37.75,48.22,11.59,20,5/24/2022,5/30/2022,2
20220517,CA,0,0.14,4.73,35.32,59.64,0.18,20.002,5/17/2022,5/23/2022,2
20220510,CA,0,0.14,4.73,35.32,59.81,0,20,5/10/2022,5/16/2022,2
20220503,CA,0,0,4.82,54.67,40.51,0,20,5/3/2022,5/9/2022,2
20220426,CA,0,0,4.82,54.62,40.56,0,20,4/26/2022,5/2/2022,2
20220419,CA,0,0,4.82,54.37,40.81,0,20,4/19/2022,4/25/2022,2
20220412,CA,0,0,4.25,48.88,46.87,0,20,4/12/2022,4/18/2022,2
20220405,CA,0,0,6.35,52.97,40.67,0,19.998,4/5/2022,4/11/2022,2
20220329,CA,0,0,6.35,53.4,40.25,0,20,3/29/2022,4/4/2022,2
20220322,CA,0,0,6.35,55.95,37.69,0,19.998,3/22/2022,3/28/2022,2
20220315,CA,0,0,6.77,58.01,35.22,0,20,3/15/2022,3/21/2022,2
20220308,CA,0,0,13.02,74.16,12.82,0,20,3/8/2022,3/14/2022,2
20220301,CA,0,0,13.02,74.16,12.82,0,20,3/1/2022,3/7/2022,2
20220222,CA,0,0,31.23,62.07,6.7,0,20,2/22/2022,2/28/2022,2
20220215,CA,0,0.43,33.19,65,1.39,0,20.002,2/15/2022,2/21/2022,2
20220208,CA,0,0.75,32.83,65.03,1.39,0,20,2/8/2022,2/14/2022,2
20220201,CA,0,0.75,32.86,65,1.39,0,20,2/1/2022,2/7/2022,2
20220125,CA,0,0.75,32.86,65,1.39,0,20,1/25/2022,1/31/2022,2
20220118,CA,0,0.75,32.86,65,1.39,0,20,1/18/2022,1/24/2022,2
20220111,CA,0,0.75,32.86,65,1.39,0,20,1/11/2022,1/17/2022,2
20220104,CA,0,0.7,31.68,51.01,15.76,0.84,19.998,1/4/2022,1/10/2022,2
20211228,CA,0,0,13.72,53.35,32.1,0.84,20.002,12/28/2021,1/3/2022,2
20211221,CA,0,0,7.56,13,56.33,23.11,20,12/21/2021,12/27/2021,2
20211214,CA,0,0,7.57,12.15,52.01,28.27,20,12/14/2021,12/20/2021,2
20211207,CA,0,0,7.57,12.15,52.01,28.27,20,12/7/2021,12/13/2021,2
20211130,CA,0,0,7.57,12.15,52.01,28.27,20,11/30/2021,12/6/2021,2
20211123,CA,0,0,7.57,12.15,52.01,28.27,20,11/23/2021,11/29/2021,2
20211116,CA,0,0,7.57,12.15,42.66,37.62,20,11/16/2021,11/22/2021,2
20211109,CA,0,0,7.57,12.15,42.66,37.62,20,11/9/2021,11/15/2021,2
20211102,CA,0,0,6.19,10.48,44.59,38.74,20,11/2/2021,11/8/2021,2
20211026,CA,0,0,6.19,10.48,44.59,38.74,20,10/26/2021,11/1/2021,2
20211019,CA,0,0,6.19,6.63,41.52,45.66,20,10/19/2021,10/25/2021,2
20211012,CA,0,0,6.07,6.75,41.52,45.66,20,10/12/2021,10/18/2021,2
20211005,CA,0,0,6.07,6.05,42.22,45.66,20,10/5/2021,10/11/2021,2
20210928,CA,0,0,6.07,6.05,42.22,45.66,20,9/28/2021,10/4/2021,2
20210921,CA,0,0,6.07,6.05,42.22,45.66,20,9/21/2021,9/27/2021,2
20210914,CA,0,0,6.07,5.99,42.28,45.66,20,9/14/2021,9/20/2021,2
20210907,CA,0,0,6.07,5.99,42.28,45.66,20,9/7/2021,9/13/2021,2
20210831,CA,0,0,4.44,7.19,40.98,47.4,20.002,8/31/2021,9/6/2021,2
20210824,CA,0,0,4.42,7.21,40.98,47.4,20.002,8/24/2021,8/30/2021,2
20210817,CA,0,0,4.42,7.21,39.4,48.97,20,8/17/2021,8/23/2021,2
20210810,CA,0,0,4.93,6.69,41.28,47.1,20,8/10/2021,8/16/2021,2
20210803,CA,0,0,4.93,6.69,41.93,46.45,20,8/3/2021,8/9/2021,2
20210727,CA,0,0,4.91,6.5,42.1,46.49,20,7/27/2021,8/2/2021,2
20210720,CA,0,0,5.25,9,52.33,33.42,20,7/20/2021,7/26/2021,2
20210713,CA,0,0,5.25,9.02,52.41,33.32,20,7/13/2021,7/19/2021,2
20210706,CA,0,0,5.27,9.29,52.12,33.32,20,7/6/2021,7/12/2021,2
20210629,CA,0,0,5.27,9.29,52.12,33.32,20,6/29/2021,7/5/2021,2
20210622,CA,0,0,5.27,9.29,52.12,33.32,20,6/22/2021,6/28/2021,2
20210615,CA,0,0,5.25,9.31,52.12,33.32,20,6/15/2021,6/21/2021,2
20210608,CA,0,0,5.25,9.55,51.88,33.32,20,6/8/2021,6/14/2021,2
20210601,CA,0,0,5.39,20.15,48.41,26.04,19.998,6/1/2021,6/7/2021,2
20210525,CA,0,0,5.39,20.15,48.41,26.04,19.998,5/25/2021,5/31/2021,2
20210518,CA,0,0,5.69,20.98,57.42,15.91,20,5/18/2021,5/24/2021,2
20210511,CA,0,0,5.69,20.98,59.81,13.53,20.002,5/11/2021,5/17/2021,2
20210504,CA,0,2.48,4.63,19.58,67.94,5.36,19.998,5/4/2021,5/10/2021,2
20210427,CA,0,2.49,9.56,35.09,47.5,5.36,20,4/27/2021,5/3/2021,2
20210420,CA,0,3.46,11.17,35.51,44.5,5.36,20,4/20/2021,4/26/2021,2
20210413,CA,0.78,5.09,17.16,38.29,33.32,5.36,19.844,4/13/2021,4/19/2021,2
20210406,CA,0.77,6.58,22.97,34.27,30.06,5.36,19.848,4/6/2021,4/12/2021,2
20210330,CA,0.77,8.57,26.64,32.26,26.4,5.36,19.846,3/30/2021,4/5/2021,2
20210323,CA,0.7,8.64,26.64,32.26,26.4,5.36,19.86,3/23/2021,3/29/2021,2
20210316,CA,0.78,8.6,32.03,29.05,25.79,3.75,19.844,3/16/2021,3/22/2021,2
20210309,CA,0.75,8.36,32.3,29.05,25.79,3.75,19.85,3/9/2021,3/15/2021,2
20210302,CA,0.75,8.36,33.91,27.44,25.79,3.75,19.85,3/2/2021,3/8/2021,2
20210223,CA,0.7,14.41,27.9,27.44,25.79,3.75,19.858,2/23/2021,3/1/2021,2
20210216,CA,0.7,14.41,27.3,26.59,27.24,3.75,19.858,2/16/2021,2/22/2021,2
20210209,CA,0.64,14.26,27.23,26.46,27.66,3.75,19.872,2/9/2021,2/15/2021,2
20210202,CA,0,14.01,27.54,26.79,27.9,3.75,19.998,2/2/2021,2/8/2021,2
20210126,CA,0,4.8,19.46,36.28,35.6,3.86,20,1/26/2021,2/1/2021,2
20210119,CA,0,4.8,17.08,38.66,38.27,1.19,20,1/19/2021,1/25/2021,2
20210112,CA,0,4.8,16.1,39.6,38.31,1.19,20,1/12/2021,1/18/2021,2
20210105,CA,0,4.8,20.85,40.51,32.65,1.19,20,1/5/2021,1/11/2021,2
20201229,CA,0,4.83,20.82,40.59,32.56,1.19,19.998,12/29/2020,1/4/2021,2
20201222,CA,0,4.83,20.82,40.59,32.56,1.19,19.998,12/22/2020,12/28/2020,2
20201215,CA,0,4.83,20.82,40.59,32.56,1.19,19.998,12/15/2020,12/21/2020,2
20201208,CA,0,4.83,28.38,45.5,21.3,0,20.002,12/8/2020,12/14/2020,2
20201201,CA,3.46,21.51,26.84,28.83,19.36,0,19.308,12/1/2020,12/7/2020,2
20201124,CA,3.5,21.47,26.84,28.83,19.36,0,19.3,11/24/2020,11/30/2020,2
20201117,CA,15.61,13.47,29.66,25.42,15.83,0,16.876,11/17/2020,11/23/2020,2
20201110,CA,15.48,13.61,29.66,25.42,15.83,0,16.904,11/10/2020,11/16/2020,2
20201103,CA,15.48,16.98,31.93,22.87,12.74,0,16.904,11/3/2020,11/9/2020,2
20201027,CA,15.4,17.06,31.93,22.87,12.74,0,16.92,10/27/2020,11/2/2020,2
20201020,CA,15.4,17.06,31.93,22.87,12.74,0,16.92,10/20/2020,10/26/2020,2
20201013,CA,15.4,17.06,31.93,22.87,12.74,0,16.92,10/13/2020,10/19/2020,2
20201006,CA,15.4,17.06,31.93,22.87,12.74,0,16.92,10/6/2020,10/12/2020,2
20200929,CA,15.35,17,32.03,22.88,12.74,0,16.93,9/29/2020,10/5/2020,2
20200922,CA,15.62,17.29,31.82,31.88,3.39,0,16.876,9/22/2020,9/28/2020,2
20200915,CA,15.62,17.29,31.83,32.09,3.17,0,16.876,9/15/2020,9/21/2020,2
20200908,CA,20.45,25.37,21.21,29.93,3.04,0,15.91,9/8/2020,9/14/2020,2
20200901,CA,20.39,25.23,22.6,28.74,3.04,0,15.922,9/1/2020,9/7/2020,2
20200825,CA,20.55,25.07,22.49,28.84,3.04,0,15.888,8/25/2020,8/31/2020,2
20200818,CA,20.55,25.24,32.5,18.67,3.04,0,15.89,8/18/2020,8/24/2020,2
20200811,CA,33.74,15.87,28.67,18.67,3.04,0,13.25,8/11/2020,8/17/2020,2
20200804,CA,33.74,15.88,28.88,18.45,3.04,0,13.25,8/4/2020,8/10/2020,2
20200728,CA,40.34,9.28,28.88,18.45,3.04,0,11.93,7/28/2020,8/3/2020,2
20200721,CA,40.34,11.44,26.71,18.45,3.04,0,11.928,7/21/2020,7/27/2020,2
20200714,CA,40.38,11.43,26.69,19.05,2.45,0,11.924,7/14/2020,7/20/2020,2
20200707,CA,41.79,11.47,25.9,18.39,2.45,0,11.642,7/7/2020,7/13/2020,2
20200630,CA,41.79,11.47,25.9,18.39,2.45,0,11.642,6/30/2020,7/6/2020,2
20200623,CA,41.79,11.47,25.9,18.39,2.45,0,11.642,6/23/2020,6/29/2020,2
20200616,CA,41.79,11.47,25.9,18.39,2.45,0,11.642,6/16/2020,6/22/2020,2
20200609,CA,41.79,11.47,25.9,18.39,2.45,0,11.642,6/9/2020,6/15/2020,2
20200602,CA,41.8,11.53,25.83,17.87,2.97,0,11.64,6/2/2020,6/8/2020,2
20200526,CA,41.8,11.53,25.83,17.87,2.97,0,11.64,5/26/2020,6/1/2020,2
20200519,CA,41.8,11.53,25.83,17.87,2.97,0,11.64,5/19/2020,5/25/2020,2
20200512,CA,41.8,11.53,25.83,17.85,2.99,0,11.64,5/12/2020,5/18/2020,2
20200505,CA,41.8,15.33,23.31,15.62,3.94,0,11.64,5/5/2020,5/11/2020,2
20200428,CA,41.8,16.61,21.99,14.93,4.66,0,11.638,4/28/2020,5/4/2020,2
20200421,CA,41.8,22.5,16.11,14.93,4.66,0,11.64,4/21/2020,4/27/2020,2
20200414,CA,41.8,22.5,22.87,12.83,0,0,11.64,4/14/2020,4/20/2020,2
20200407,CA,32.29,24.4,42.02,1.3,0,0,13.544,4/7/2020,4/13/2020,2
20200331,CA,24.86,31.82,42.02,1.3,0,0,15.028,3/31/2020,4/6/2020,2
20200324,CA,24.86,34.72,39.12,1.3,0,0,15.028,3/24/2020,3/30/2020,2
20200317,CA,24.64,27.77,46.32,1.26,0,0,15.07,3/17/2020,3/23/2020,2
20200310,CA,21.5,30.41,48.09,0,0,0,15.7,3/10/2020,3/16/2020,2
20200303,CA,30.26,35.58,34.16,0,0,0,13.948,3/3/2020,3/9/2020,2
20200225,CA,30.26,46.4,23.34,0,0,0,13.948,2/25/2020,3/2/2020,2
20200218,CA,40.02,50.44,9.54,0,0,0,11.996,2/18/2020,2/24/2020,2
20200211,CA,53.85,36.61,9.54,0,0,0,9.23,2/11/2020,2/17/2020,2
20200204,CA,65.72,34.28,0,0,0,0,6.856,2/4/2020,2/10/2020,2
20200128,CA,65.72,34.28,0,0,0,0,6.856,1/28/2020,2/3/2020,2
20200121,CA,96.39,3.61,0,0,0,0,0.722,1/21/2020,1/27/2020,2
20200114,CA,96.39,3.61,0,0,0,0,0.722,1/14/2020,1/20/2020,2
20200107,CA,96.43,3.57,0,0,0,0,0.714,1/7/2020,1/13/2020,2
20191231,CA,96.43,3.57,0,0,0,0,0.714,12/31/2019,1/6/2020,2
20191224,CA,96.43,3.57,0,0,0,0,0.714,12/24/2019,12/30/2019,2
20191217,CA,96.43,3.57,0,0,0,0,0.714,12/17/2019,12/23/2019,2
20191210,CA,96.43,3.57,0,0,0,0,0.714,12/10/2019,12/16/2019,2
20191203,CA,14.74,85.25,0.01,0,0,0,17.052,12/3/2019,12/9/2019,2
20191126,CA,9.22,87.47,3.3,0.01,0,0,18.156,11/26/2019,12/2/2019,2
20191119,CA,18.55,77.86,3.58,0.01,0,0,16.29,11/19/2019,11/25/2019,2
20191112,CA,18.61,77.81,3.57,0.01,0,0,16.278,11/12/2019,11/18/2019,2
20191105,CA,82.26,15.68,2.06,0,0,0,3.548,11/5/2019,11/11/2019,2
20191029,CA,82.26,15.67,2.06,0,0,0,3.546,10/29/2019,11/4/2019,2
20191022,CA,82.26,15.67,2.06,0,0,0,3.546,10/22/2019,10/28/2019,2
20191015,CA,85.4,12.54,2.06,0,0,0,2.92,10/15/2019,10/21/2019,2
20191008,CA,95.29,2.64,2.06,0,0,0,0.94,10/8/2019,10/14/2019,2
20191001,CA,95.29,2.64,2.06,0,0,0,0.94,10/1/2019,10/7/2019,2
20190924,CA,89.73,8.21,2.06,0,0,0,2.054,9/24/2019,9/30/2019,2
20190917,CA,89.61,8.33,2.06,0,0,0,2.078,9/17/2019,9/23/2019,2
20190910,CA,90.94,7.96,1.09,0.01,0,0,1.812,9/10/2019,9/16/2019,2
20190903,CA,90.94,7.97,1.09,0,0,0,1.812,9/3/2019,9/9/2019,2
20190827,CA,90.94,7.96,1.09,0,0,0,1.81,8/27/2019,9/2/2019,2
20190820,CA,93.27,6.73,0,0,0,0,1.346,8/20/2019,8/26/2019,2
20190813,CA,94.07,5.93,0,0,0,0,1.186,8/13/2019,8/19/2019,2
20190806,CA,95.55,4.45,0,0,0,0,0.89,8/6/2019,8/12/2019,2
20190730,CA,95.68,4.32,0,0,0,0,0.864,7/30/2019,8/5/2019,2
20190723,CA,95.68,4.32,0,0,0,0,0.864,7/23/2019,7/29/2019,2
20190716,CA,95.68,4.32,0,0,0,0,0.864,7/16/2019,7/22/2019,2
20190709,CA,95.68,4.32,0,0,0,0,0.864,7/9/2019,7/15/2019,2
20190702,CA,95.68,4.32,0,0,0,0,0.864,7/2/2019,7/8/2019,2
20190625,CA,95.68,4.32,0,0,0,0,0.864,6/25/2019,7/1/2019,2
20190618,CA,95.68,4.32,0,0,0,0,0.864,6/18/2019,6/24/2019,2
20190611,CA,95.68,4.32,0,0,0,0,0.864,6/11/2019,6/17/2019,2
20190604,CA,95.68,4.32,0,0,0,0,0.864,6/4/2019,6/10/2019,2
20190528,CA,94.03,5.97,0,0,0,0,1.194,5/28/2019,6/3/2019,2
20190521,CA,94.03,5.97,0,0,0,0,1.194,5/21/2019,5/27/2019,2
20190514,CA,94.03,5.97,0,0,0,0,1.194,5/14/2019,5/20/2019,2
20190507,CA,94.03,5.97,0,0,0,0,1.194,5/7/2019,5/13/2019,2
20190430,CA,94.03,5.97,0,0,0,0,1.194,4/30/2019,5/6/2019,2
20190423,CA,94.03,5.97,0,0,0,0,1.194,4/23/2019,4/29/2019,2
20190416,CA,94.03,5.97,0,0,0,0,1.194,4/16/2019,4/22/2019,2
20190409,CA,94.03,5.97,0,0,0,0,1.194,4/9/2019,4/15/2019,2
20190402,CA,93.42,6.58,0,0,0,0,1.316,4/2/2019,4/8/2019,2
20190326,CA,93.42,6.58,0,0,0,0,1.316,3/26/2019,4/1/2019,2
20190319,CA,93.42,6.58,0,0,0,0,1.316,3/19/2019,3/25/2019,2
20190312,CA,93.42,6.58,0,0,0,0,1.316,3/12/2019,3/18/2019,2
20190305,CA,89.84,9.56,0.6,0,0,0,2.032,3/5/2019,3/11/2019,2
20190226,CA,87.17,10.5,2.33,0,0,0,2.566,2/26/2019,3/4/2019,2
20190219,CA,67.07,29.16,2.4,1.36,0,0,6.584,2/19/2019,2/25/2019,2
20190212,CA,36.77,52.68,8.92,1.63,0,0,12.646,2/12/2019,2/18/2019,2
20190205,CA,34.37,55.08,8.67,1.89,0,0,13.128,2/5/2019,2/11/2019,2
20190129,CA,23.93,52.41,21.77,1.89,0,0,15.214,1/29/2019,2/4/2019,2
20190122,CA,7.77,20,68.79,2.73,0.71,0,18.446,1/22/2019,1/28/2019,2
20190115,CA,7.77,17.06,69.62,4.83,0.71,0,18.444,1/15/2019,1/21/2019,2
20190108,CA,7.77,17.06,61.05,12.57,1.55,0,18.446,1/8/2019,1/14/2019,2
20190101,CA,7.77,17.06,61.05,12.01,2.1,0,18.444,1/1/2019,1/7/2019,2
20181225,CA,7.77,17.06,58.92,14.14,2.1,0,18.444,12/25/2018,12/31/2018,2
20181218,CA,7.77,17.06,58.29,14.77,2.1,0,18.444,12/18/2018,12/24/2018,2
20181211,CA,7.77,17.06,58.29,14.77,2.1,0,18.444,12/11/2018,12/17/2018,2
20181204,CA,7.77,12.54,61.36,14.55,3.78,0,18.446,12/4/2018,12/10/2018,2
20181127,CA,0,16.34,65.32,14.55,3.78,0,19.998,11/27/2018,12/3/2018,2
20181120,CA,0,22.38,59.26,14.58,3.78,0,20,11/20/2018,11/26/2018,2
20181113,CA,0,46.8,34.84,15.97,2.39,0,20,11/13/2018,11/19/2018,2
20181106,CA,0,48.08,33.56,15.97,2.39,0,20,11/6/2018,11/12/2018,2
20181030,CA,15.16,36.9,28.64,16.57,2.73,0,16.968,10/30/2018,11/5/2018,2
20181023,CA,15.16,36.9,28.64,16.57,2.73,0,16.968,10/23/2018,10/29/2018,2
20181016,CA,15.16,36.9,25.17,19.9,2.87,0,16.968,10/16/2018,10/22/2018,2
20181009,CA,15.16,36.9,25.17,17.9,4.87,0,16.968,10/9/2018,10/15/2018,2
20181002,CA,12.18,39.85,25.15,17.89,4.93,0,17.564,10/2/2018,10/8/2018,2
20180925,CA,12.18,39.85,25.15,17.88,4.94,0,17.564,9/25/2018,10/1/2018,2
20180918,CA,12.18,39.85,25.15,17.88,4.94,0,17.564,9/18/2018,9/24/2018,2
20180911,CA,12.18,39.85,25.15,17.88,4.94,0,17.564,9/11/2018,9/17/2018,2
20180904,CA,13.79,38.64,24.69,20.12,2.77,0,17.244,9/4/2018,9/10/2018,2
20180828,CA,13.79,38.64,26.53,18.28,2.77,0,17.244,8/28/2018,9/3/2018,2
20180821,CA,13.79,39.02,26.44,17.99,2.77,0,17.244,8/21/2018,8/27/2018,2
20180814,CA,13.84,38.97,26.44,17.99,2.77,0,17.234,8/14/2018,8/20/2018,2
20180807,CA,13.83,41.12,24.29,17.99,2.77,0,17.234,8/7/2018,8/13/2018,2
20180731,CA,13.84,41.37,24.04,17.99,2.77,0,17.234,7/31/2018,8/6/2018,2
20180724,CA,13.82,41.45,23.97,17.99,2.77,0,17.236,7/24/2018,7/30/2018,2
20180717,CA,14.85,41.01,23.39,17.99,2.77,0,17.032,7/17/2018,7/23/2018,2
20180710,CA,14.85,41.03,23.37,17.99,2.77,0,17.032,7/10/2018,7/16/2018,2
20180703,CA,14.85,40.99,23.41,17.99,2.77,0,17.032,7/3/2018,7/9/2018,2
20180626,CA,14.92,40.91,23.41,17.99,2.77,0,17.016,6/26/2018,7/2/2018,2
20180619,CA,30.37,32.56,16.32,17.99,2.77,0,13.928,6/19/2018,6/25/2018,2
20180612,CA,30.39,32.53,16.32,17.99,2.77,0,13.922,6/12/2018,6/18/2018,2
20180605,CA,30.39,32.53,16.33,17.98,2.78,0,13.924,6/5/2018,6/11/2018,2
20180529,CA,30.49,32.43,16.33,17.98,2.78,0,13.904,5/29/2018,6/4/2018,2
20180522,CA,30.49,32.43,16.33,17.98,2.78,0,13.904,5/22/2018,5/28/2018,2
20180515,CA,30.49,32.36,16.32,18.03,2.8,0,13.902,5/15/2018,5/21/2018,2
20180508,CA,34.19,28.71,23.11,11.19,2.8,0,13.162,5/8/2018,5/14/2018,2
20180501,CA,34.1,28.8,23.11,11.19,2.8,0,13.18,5/1/2018,5/7/2018,2
20180424,CA,34.1,28.8,23.33,11.21,2.55,0,13.178,4/24/2018,4/30/2018,2
20180417,CA,34.1,28.8,23.33,11.26,2.5,0,13.178,4/17/2018,4/23/2018,2
20180410,CA,33.85,29.05,23.33,11.26,2.5,0,13.228,4/10/2018,4/16/2018,2
20180403,CA,22.99,36.11,28.18,10.21,2.5,0,15.4,4/3/2018,4/9/2018,2
20180327,CA,22.99,36.24,28.21,10.06,2.5,0,15.402,3/27/2018,4/2/2018,2
20180320,CA,11.08,41.24,25.36,21.88,0.43,0,17.782,3/20/2018,3/26/2018,2
20180313,CA,11.08,41.24,25.36,21.88,0.43,0,17.782,3/13/2018,3/19/2018,2
20180306,CA,8.48,43.65,25.47,21.97,0.43,0,18.304,3/6/2018,3/12/2018,2
20180227,CA,8.48,43.65,27.89,19.98,0,0,18.304,2/27/2018,3/5/2018,2
20180220,CA,8.43,43.69,27.89,19.98,0,0,18.312,2/20/2018,2/26/2018,2
20180213,CA,18.29,36,25.73,19.98,0,0,16.342,2/13/2018,2/19/2018,2
20180206,CA,18.27,36.13,39.21,6.39,0,0,16.346,2/6/2018,2/12/2018,2
20180130,CA,26.67,29.61,38.8,4.92,0,0,14.666,1/30/2018,2/5/2018,2
20180123,CA,45.48,41.84,12.69,0,0,0,10.906,1/23/2018,1/29/2018,2
20180116,CA,53.21,34.1,12.69,0,0,0,9.358,1/16/2018,1/22/2018,2
20180109,CA,53.58,33.73,12.69,0,0,0,9.284,1/9/2018,1/15/2018,2
20180102,CA,55.7,31.61,12.69,0,0,0,8.86,1/2/2018,1/8/2018,2
20171226,CA,55.7,31.61,12.69,0,0,0,8.86,12/26/2017,1/1/2018,2
20171219,CA,55.7,31.61,12.69,0,0,0,8.86,12/19/2017,12/25/2017,2
20171212,CA,55.7,34.4,9.9,0,0,0,8.86,12/12/2017,12/18/2017,2
20171205,CA,65.38,24.72,9.9,0,0,0,6.924,12/5/2017,12/11/2017,2
20171128,CA,69.09,22.67,8.24,0,0,0,6.182,11/28/2017,12/4/2017,2
20171121,CA,73.98,17.78,8.24,0,0,0,5.204,11/21/2017,11/27/2017,2
20171114,CA,73.98,17.78,8.24,0,0,0,5.204,11/14/2017,11/20/2017,2
20171107,CA,77.9,13.86,8.24,0,0,0,4.42,11/7/2017,11/13/2017,2
20171031,CA,77.9,13.86,8.24,0,0,0,4.42,10/31/2017,11/6/2017,2
20171024,CA,77.9,13.86,8.24,0,0,0,4.42,10/24/2017,10/30/2017,2
20171017,CA,77.88,13.88,8.24,0,0,0,4.424,10/17/2017,10/23/2017,2
20171010,CA,77.88,13.88,8.24,0,0,0,4.424,10/10/2017,10/16/2017,2
20171003,CA,77.88,13.88,8.24,0,0,0,4.424,10/3/2017,10/9/2017,2
20170926,CA,77.88,13.88,8.24,0,0,0,4.424,9/26/2017,10/2/2017,2
20170919,CA,77.88,13.88,8.21,0.04,0,0,4.426,9/19/2017,9/25/2017,2
20170912,CA,77.88,13.88,8.21,0.04,0,0,4.426,9/12/2017,9/18/2017,2
20170905,CA,77.88,13.88,8.21,0.04,0,0,4.426,9/5/2017,9/11/2017,2
20170829,CA,77.88,13.88,8.21,0.04,0,0,4.426,8/29/2017,9/4/2017,2
20170822,CA,77.88,13.88,8.21,0.04,0,0,4.426,8/22/2017,8/28/2017,2
20170815,CA,77.86,13.9,8.21,0.04,0,0,4.43,8/15/2017,8/21/2017,2
20170808,CA,77.86,13.9,7.18,1.06,0,0,4.428,8/8/2017,8/14/2017,2
20170801,CA,77.86,13.9,7.18,1.06,0,0,4.428,8/1/2017,8/7/2017,2
20170725,CA,75.73,16.03,7.18,1.06,0,0,4.854,7/25/2017,7/31/2017,2
20170718,CA,75.69,16.06,7.18,1.06,0,0,4.86,7/18/2017,7/24/2017,2
20170711,CA,76.46,15.3,7.18,1.06,0,0,4.708,7/11/2017,7/17/2017,2
20170704,CA,76.46,15.3,7.18,1.06,0,0,4.708,7/4/2017,7/10/2017,2
20170627,CA,76.47,15.29,7.18,1.06,0,0,4.706,6/27/2017,7/3/2017,2
20170620,CA,76.47,15.29,7.18,1.06,0,0,4.706,6/20/2017,6/26/2017,2
20170613,CA,76.47,15.29,7.18,1.06,0,0,4.706,6/13/2017,6/19/2017,2
20170606,CA,76.47,15.29,7.18,1.06,0,0,4.706,6/6/2017,6/12/2017,2
20170530,CA,76.47,15.29,7.18,1.06,0,0,4.706,5/30/2017,6/5/2017,2
20170523,CA,76.47,15.29,7.18,1.06,0,0,4.706,5/23/2017,5/29/2017,2
20170516,CA,76.47,15.29,7.18,1.06,0,0,4.706,5/16/2017,5/22/2017,2
20170509,CA,76.47,15.29,7.18,1.06,0,0,4.706,5/9/2017,5/15/2017,2
20170502,CA,76.47,15.29,7.18,1.06,0,0,4.706,5/2/2017,5/8/2017,2
20170425,CA,76.54,15.22,7.18,1.06,0,0,4.692,4/25/2017,5/1/2017,2
20170418,CA,76.54,15.22,7.18,1.06,0,0,4.692,4/18/2017,4/24/2017,2
20170411,CA,76.54,15.22,7.18,1.06,0,0,4.692,4/11/2017,4/17/2017,2
20170404,CA,76.54,15.22,7.18,1.06,0,0,4.692,4/4/2017,4/10/2017,2
20170328,CA,76.54,15.22,7.18,1.06,0,0,4.692,3/28/2017,4/3/2017,2
20170321,CA,76.54,15.22,7.18,1.06,0,0,4.692,3/21/2017,3/27/2017,2
20170314,CA,76.54,15.22,7.18,1.06,0,0,4.692,3/14/2017,3/20/2017,2
20170307,CA,76.54,15.22,7.14,1.1,0,0,4.692,3/7/2017,3/13/2017,2
20170228,CA,74.49,16.78,4.65,4.08,0,0,5.102,2/28/2017,3/6/2017,2
20170221,CA,61.66,21.47,12.69,4.19,0,0,7.67,2/21/2017,2/27/2017,2
20170214,CA,43.94,31.86,16.78,6.68,0.73,0,11.21,2/14/2017,2/20/2017,2
20170207,CA,41.46,11.56,36.05,10.2,0.73,0,11.708,2/7/2017,2/13/2017,2
20170131,CA,38.98,10.22,30.51,18.42,1.87,0,12.204,1/31/2017,2/6/2017,2
20170124,CA,38.73,9.87,24.94,24.3,2.16,0,12.254,1/24/2017,1/30/2017,2
20170117,CA,35.56,6.93,13.16,20.05,22.17,2.13,12.888,1/17/2017,1/23/2017,2
20170110,CA,34.62,7.16,9,21.42,25.67,2.13,13.076,1/10/2017,1/16/2017,2
20170103,CA,18.07,14.32,13.59,15.85,19.87,18.31,16.388,1/3/2017,1/9/2017,2
20161227,CA,17.47,13.66,11.07,17.19,22.29,18.31,16.504,12/27/2016,1/2/2017,2
20161220,CA,15.09,14.8,11.02,17.54,21.8,19.75,16.982,12/20/2016,12/26/2016,2
20161213,CA,12.16,14.8,12.77,17.47,21.76,21.04,17.568,12/13/2016,12/19/2016,2
20161206,CA,12.03,14.93,12.77,17.47,21.76,21.04,17.594,12/6/2016,12/12/2016,2
20161129,CA,12.03,14.93,12.77,17.47,21.76,21.04,17.594,11/29/2016,12/5/2016,2
20161122,CA,12.03,14.93,12.77,17.47,21.76,21.04,17.594,11/22/2016,11/28/2016,2
20161115,CA,12.03,14.93,12.77,17.47,21.76,21.04,17.594,11/15/2016,11/21/2016,2
20161108,CA,12.03,14.93,12.77,17.47,21.76,21.04,17.594,11/8/2016,11/14/2016,2
20161101,CA,12.03,12.71,13.88,18.58,21.76,21.04,17.594,11/1/2016,11/7/2016,2
20161025,CA,8.96,9.92,19.32,19,21.76,21.04,18.208,10/25/2016,10/31/2016,2
20161018,CA,7.77,11.11,19.32,19,21.76,21.04,18.446,10/18/2016,10/24/2016,2
20161011,CA,0,16.41,21.31,19.47,21.76,21.04,19.998,10/11/2016,10/17/2016,2
20161004,CA,0,16.41,21.31,19.47,21.76,21.04,19.998,10/4/2016,10/10/2016,2
20160927,CA,0,16.41,21.31,19.47,21.76,21.04,19.998,9/27/2016,10/3/2016,2
20160920,CA,0,16.41,21.31,19.47,21.76,21.04,19.998,9/20/2016,9/26/2016,2
20160913,CA,0,16.41,21.31,19.47,21.76,21.04,19.998,9/13/2016,9/19/2016,2
20160906,CA,0,16.41,24.57,16.21,21.76,21.04,19.998,9/6/2016,9/12/2016,2
20160830,CA,0,16.41,24.57,16.21,21.76,21.04,19.998,8/30/2016,9/5/2016,2
20160823,CA,0,16.41,24.57,16.21,21.76,21.04,19.998,8/23/2016,8/29/2016,2
20160816,CA,0,16.41,24.57,16.21,21.76,21.04,19.998,8/16/2016,8/22/2016,2
20160809,CA,0,16.41,24.57,16.21,21.76,21.04,19.998,8/9/2016,8/15/2016,2
20160802,CA,0,16.41,24.57,16.21,21.76,21.04,19.998,8/2/2016,8/8/2016,2
20160726,CA,0,16.41,24.57,16.21,21.76,21.04,19.998,7/26/2016,8/1/2016,2
20160719,CA,0,16.41,24.57,16.21,21.76,21.04,19.998,7/19/2016,7/25/2016,2
20160712,CA,0,16.41,24.57,16.21,21.76,21.04,19.998,7/12/2016,7/18/2016,2
20160705,CA,0,16.41,24.57,16.21,21.76,21.04,19.998,7/5/2016,7/11/2016,2
20160628,CA,0,16.41,24.57,16.21,21.76,21.04,19.998,6/28/2016,7/4/2016,2
20160621,CA,0,16.41,24.57,16.21,21.76,21.04,19.998,6/21/2016,6/27/2016,2
20160614,CA,0,16.41,24.57,16.21,21.76,21.04,19.998,6/14/2016,6/20/2016,2
20160607,CA,4.27,11.82,24.89,16.02,21.95,21.04,19.144,6/7/2016,6/13/2016,2
20160531,CA,6.08,10.01,24.89,16.02,21.95,21.04,18.782,5/31/2016,6/6/2016,2
20160524,CA,5.5,8.12,25.38,18.01,21.95,21.04,18.9,5/24/2016,5/30/2016,2
20160517,CA,5.5,8.12,22.82,20.57,21.95,21.04,18.9,5/17/2016,5/23/2016,2
20160510,CA,4.27,6.05,16.96,24.81,26.88,21.04,19.148,5/10/2016,5/16/2016,2
20160503,CA,4.27,6.05,15.31,25.21,28.11,21.04,19.144,5/3/2016,5/9/2016,2
20160426,CA,4.24,5.67,15.72,25.21,28.11,21.04,19.15,4/26/2016,5/2/2016,2
20160419,CA,4.24,5.67,15.72,25.21,28.11,21.04,19.15,4/19/2016,4/25/2016,2
20160412,CA,3.55,5.87,16.21,19.11,23.57,31.68,19.288,4/12/2016,4/18/2016,2
20160405,CA,3.55,5.87,16.21,19.11,23.57,31.68,19.288,4/5/2016,4/11/2016,2
20160329,CA,3.55,5.87,17.76,17.57,20.51,34.74,19.29,3/29/2016,4/4/2016,2
20160322,CA,1.16,7.29,18.7,17.54,20.57,34.74,19.768,3/22/2016,3/28/2016,2
20160315,CA,0.43,6.29,19.64,18.33,20.57,34.74,19.914,3/15/2016,3/21/2016,2
20160308,CA,0.43,2.07,14.33,22.31,22.38,38.48,19.914,3/8/2016,3/14/2016,2
20160301,CA,0.43,4.44,12.47,21.8,22.38,38.48,19.914,3/1/2016,3/7/2016,2
20160223,CA,0.43,5.19,12.56,20.96,22.38,38.48,19.914,2/23/2016,2/29/2016,2
20160216,CA,0.29,5.01,12.87,20.42,22.93,38.48,19.942,2/16/2016,2/22/2016,2
20160209,CA,0.22,5.01,12.95,20.42,22.93,38.48,19.958,2/9/2016,2/15/2016,2
20160202,CA,0,4.74,9.13,22.23,24.49,39.41,20,2/2/2016,2/8/2016,2
20160126,CA,0,4.65,9.22,22.17,23.75,40.21,20,1/26/2016,2/1/2016,2
20160119,CA,0,2.83,11.04,17.98,25.49,42.66,20,1/19/2016,1/25/2016,2
20160112,CA,0,2.67,9.78,18.49,26.4,42.66,20,1/12/2016,1/18/2016,2
20160105,CA,0,2.67,9.78,18.49,24.22,44.84,20,1/5/2016,1/11/2016,2
20151229,CA,0,2.67,9.78,18.49,24.22,44.84,20,12/29/2015,1/4/2016,2
20151222,CA,0,2.67,6.7,21.54,24.24,44.84,19.998,12/22/2015,12/28/2015,2
20151215,CA,0.14,2.53,6.7,21.55,24.24,44.84,19.972,12/15/2015,12/21/2015,2
20151208,CA,0.14,2.53,5.07,23.17,24.24,44.84,19.97,12/8/2015,12/14/2015,2
20151201,CA,0.14,2.53,5.07,21.71,25.71,44.84,19.972,12/1/2015,12/7/2015,2
20151124,CA,0.14,2.53,5.07,21.71,25.71,44.84,19.972,11/24/2015,11/30/2015,2
20151117,CA,0.14,2.53,5.07,21.71,25.71,44.84,19.972,11/17/2015,11/23/2015,2
20151110,CA,0.14,2.53,5.06,21.72,25.71,44.84,19.972,11/10/2015,11/16/2015,2
20151103,CA,0.14,2.53,5.06,21.72,25.71,44.84,19.972,11/3/2015,11/9/2015,2
20151027,CA,0.14,2.53,5.06,21.2,25.08,46,19.974,10/27/2015,11/2/2015,2
20151020,CA,0.14,2.53,5.06,21.2,25.08,46,19.974,10/20/2015,10/26/2015,2
20151013,CA,0.14,2.53,4.97,21.29,25.08,46,19.974,10/13/2015,10/19/2015,2
20151006,CA,0.14,2.53,4.97,21.29,25.08,46,19.974,10/6/2015,10/12/2015,2
20150929,CA,0.14,2.53,4.97,21.29,25.08,46,19.974,9/29/2015,10/5/2015,2
20150922,CA,0.14,2.53,4.97,21.29,25.08,46,19.974,9/22/2015,9/28/2015,2
20150915,CA,0.14,2.53,4.97,21.29,25.08,46,19.974,9/15/2015,9/21/2015,2
20150908,CA,0.14,2.51,4.99,21.29,25.08,46,19.974,9/8/2015,9/14/2015,2
20150901,CA,0.14,2.51,4.99,21.29,25.08,46,19.974,9/1/2015,9/7/2015,2
20150825,CA,0.14,2.51,4.99,21.29,25.08,46,19.974,8/25/2015,8/31/2015,2
20150818,CA,0.14,2.51,4.99,21.29,25.08,46,19.974,8/18/2015,8/24/2015,2
20150811,CA,0.14,2.51,4.99,21.29,25.08,46,19.974,8/11/2015,8/17/2015,2
20150804,CA,0.14,2.51,2.76,23.51,25.08,46,19.972,8/4/2015,8/10/2015,2
20150728,CA,0.14,2.51,2.76,23.51,25.08,46,19.972,7/28/2015,8/3/2015,2
20150721,CA,0.14,2.51,2.76,23.51,25.08,46,19.972,7/21/2015,7/27/2015,2
20150714,CA,0.14,1.15,4.12,23.51,25.08,46,19.972,7/14/2015,7/20/2015,2
20150707,CA,0.14,1.15,4.12,23.51,24.35,46.73,19.972,7/7/2015,7/13/2015,2
20150630,CA,0.14,1.15,4.12,23.52,24.35,46.73,19.974,6/30/2015,7/6/2015,2
20150623,CA,0.14,1.15,4.12,23.52,24.35,46.73,19.974,6/23/2015,6/29/2015,2
20150616,CA,0.14,1.15,4.12,23.52,24.35,46.73,19.974,6/16/2015,6/22/2015,2
20150609,CA,0.14,1.15,4.81,22.83,24.35,46.73,19.974,6/9/2015,6/15/2015,2
20150602,CA,0.14,1.15,4.81,24.3,22.88,46.73,19.974,6/2/2015,6/8/2015,2
20150526,CA,0.14,1.15,4.81,27.3,19.87,46.73,19.972,5/26/2015,6/1/2015,2
20150519,CA,0.14,1.58,4.37,27.3,19.83,46.77,19.97,5/19/2015,5/25/2015,2
20150512,CA,0.14,1.58,4.37,27.3,19.83,46.77,19.97,5/12/2015,5/18/2015,2
20150505,CA,0.14,1.58,4.37,27.3,19.83,46.77,19.97,5/5/2015,5/11/2015,2
20150428,CA,0.14,1.75,4.67,26.84,19.83,46.77,19.972,4/28/2015,5/4/2015,2
20150421,CA,0.14,1.75,4.67,26.84,19.83,46.77,19.972,4/21/2015,4/27/2015,2
20150414,CA,0.14,1.75,4.67,26.84,22.28,44.32,19.972,4/14/2015,4/20/2015,2
20150407,CA,0.15,1.74,4.67,26.84,22.28,44.32,19.97,4/7/2015,4/13/2015,2
20150331,CA,0.15,1.74,4.67,26.84,25.2,41.41,19.972,3/31/2015,4/6/2015,2
20150324,CA,0.15,1.74,4.67,26.84,25.2,41.41,19.972,3/24/2015,3/30/2015,2
20150317,CA,0.16,1.73,4.67,25.98,27.54,39.92,19.968,3/17/2015,3/23/2015,2
20150310,CA,0.16,1.73,4.67,25.98,27.54,39.92,19.968,3/10/2015,3/16/2015,2
20150303,CA,0.16,1.75,4.66,25.98,27.54,39.92,19.97,3/3/2015,3/9/2015,2
20150224,CA,0.16,1.75,4.66,25.98,27.54,39.92,19.97,2/24/2015,3/2/2015,2
20150217,CA,0.16,1.75,4.66,25.98,26.26,41.2,19.97,2/17/2015,2/23/2015,2
20150210,CA,0.16,1.75,4.66,25.98,27.47,39.99,19.97,2/10/2015,2/16/2015,2
20150203,CA,0.16,1.72,4.56,16.11,37.46,39.99,19.968,2/3/2015,2/9/2015,2
20150127,CA,0,1.87,3.79,16.82,37.52,39.99,19.998,1/27/2015,2/2/2015,2
20150120,CA,0,1.87,3.79,16.82,38.37,39.15,20,1/20/2015,1/26/2015,2
20150113,CA,0,1.88,3.78,16.82,38.37,39.15,20,1/13/2015,1/19/2015,2
20150106,CA,0,1.88,3.78,16.39,45.73,32.21,19.998,1/6/2015,1/12/2015,2
20141230,CA,0,1.88,3.78,16.39,45.73,32.21,19.998,12/30/2014,1/5/2015,2
20141223,CA,0,1.59,3.98,16.48,45.73,32.21,19.998,12/23/2014,12/29/2014,2
20141216,CA,0,1.59,3.98,16.48,45.73,32.21,19.998,12/16/2014,12/22/2014,2
20141209,CA,0,0.28,5.29,14.73,24.61,55.08,19.998,12/9/2014,12/15/2014,2
20141202,CA,0,0.28,5.29,14.73,24.61,55.08,19.998,12/2/2014,12/8/2014,2
20141125,CA,0,0.28,5.29,14.73,24.61,55.08,19.998,11/25/2014,12/1/2014,2
20141118,CA,0,0.28,5.29,14.73,24.61,55.08,19.998,11/18/2014,11/24/2014,2
20141111,CA,0,0.28,5.29,14.73,24.61,55.08,19.998,11/11/2014,11/17/2014,2
20141104,CA,0,0.29,5.28,14.73,24.61,55.08,19.998,11/4/2014,11/10/2014,2
20141028,CA,0,0,4.96,13.13,23.51,58.41,20.002,10/28/2014,11/3/2014,2
20141021,CA,0,0,4.96,13.13,23.51,58.41,20.002,10/21/2014,10/27/2014,2
20141014,CA,0,0,4.96,13.13,23.51,58.41,20.002,10/14/2014,10/20/2014,2
20141007,CA,0,0,4.96,13.13,23.51,58.41,20.002,10/7/2014,10/13/2014,2
20140930,CA,0,0,4.96,13.13,23.51,58.41,20.002,9/30/2014,10/6/2014,2
20140923,CA,0,0,4.66,13.42,23.51,58.41,20,9/23/2014,9/29/2014,2
20140916,CA,0,0,4.58,13.5,23.51,58.41,20,9/16/2014,9/22/2014,2
20140909,CA,0,0,4.58,13.5,23.51,58.41,20,9/9/2014,9/15/2014,2
20140902,CA,0,0,4.58,13.5,23.51,58.41,20,9/2/2014,9/8/2014,2
20140826,CA,0,0,4.58,13.5,23.51,58.41,20,8/26/2014,9/1/2014,2
20140819,CA,0,0,2.41,15.67,23.51,58.41,20,8/19/2014,8/25/2014,2
20140812,CA,0,0,0.2,17.88,23.51,58.41,20,8/12/2014,8/18/2014,2
20140805,CA,0,0,0.2,17.88,23.51,58.41,20,8/5/2014,8/11/2014,2
20140729,CA,0,0,0,18.11,23.48,58.41,20,7/29/2014,8/4/2014,2
20140722,CA,0,0,0,18.11,45.4,36.49,20,7/22/2014,7/28/2014,2
20140715,CA,0,0,0,18.15,45.35,36.49,19.998,7/15/2014,7/21/2014,2
20140708,CA,0,0,0,21.03,42.51,36.46,20,7/8/2014,7/14/2014,2
20140701,CA,0,0,0,21.03,42.51,36.46,20,7/1/2014,7/7/2014,2
20140624,CA,0,0,0,23.31,43.7,32.98,19.998,6/24/2014,6/30/2014,2
20140617,CA,0,0,0,23.31,43.7,32.98,19.998,6/17/2014,6/23/2014,2
20140610,CA,0,0,0,23.31,51.92,24.77,20,6/10/2014,6/16/2014,2
20140603,CA,0,0,0,23.31,51.92,24.77,20,6/3/2014,6/9/2014,2
20140527,CA,0,0,0,23.31,51.92,24.77,20,5/27/2014,6/2/2014,2
20140520,CA,0,0,0,23.31,51.92,24.77,20,5/20/2014,5/26/2014,2
20140513,CA,0,0,0,23.31,51.92,24.77,20,5/13/2014,5/19/2014,2
20140506,CA,0,0,4.07,19.25,51.92,24.77,20.002,5/6/2014,5/12/2014,2
20140429,CA,0,0,3.99,19.32,51.92,24.77,20,4/29/2014,5/5/2014,2
20140422,CA,0,0,3.99,19.32,51.92,24.77,20,4/22/2014,4/28/2014,2
20140415,CA,0,0.2,4.59,26.45,45.28,23.49,20.002,4/15/2014,4/21/2014,2
20140408,CA,0,0.19,4.6,26.45,45.28,23.49,20.002,4/8/2014,4/14/2014,2
20140401,CA,0,0.19,4.6,26.45,45.28,23.49,20.002,4/1/2014,4/7/2014,2
20140325,CA,0,0.2,4.59,23.43,48.36,23.42,20,3/25/2014,3/31/2014,2
20140318,CA,0.01,0.2,6.72,21.3,49.41,22.37,20,3/18/2014,3/24/2014,2
20140311,CA,0.01,5.44,3.75,24.91,43.53,22.37,20,3/11/2014,3/17/2014,2
20140304,CA,0,5.44,3.73,24.93,43.53,22.37,20,3/4/2014,3/10/2014,2
20140225,CA,0,5.44,3.73,16.99,47.62,26.21,19.998,2/25/2014,3/3/2014,2
20140218,CA,0,5.45,3.72,22.52,53.68,14.62,19.998,2/18/2014,2/24/2014,2
20140211,CA,1.43,4.03,2.95,30.65,51.13,9.81,19.714,2/11/2014,2/17/2014,2
20140204,CA,1.43,4.39,4.27,22.78,57.32,9.81,19.714,2/4/2014,2/10/2014,2
20140128,CA,1.43,4.39,4.27,22.78,58.36,8.77,19.714,1/28/2014,2/3/2014,2
20140121,CA,1.43,4.39,4.27,27.21,62.71,0,19.716,1/21/2014,1/27/2014,2
20140114,CA,1.43,4.39,4.27,27.21,62.71,0,19.716,1/14/2014,1/20/2014,2
20140107,CA,1.43,4.32,6.71,59.94,27.59,0,19.712,1/7/2014,1/13/2014,2
20131231,CA,2.61,3.14,6.71,59.94,27.59,0,19.476,12/31/2013,1/6/2014,2
20131224,CA,2.61,3.14,9.37,57.29,27.59,0,19.478,12/24/2013,12/30/2013,2
20131217,CA,2.61,3.14,11.71,54.94,27.59,0,19.476,12/17/2013,12/23/2013,2
20131210,CA,2.61,3.24,11.62,54.94,27.59,0,19.478,12/10/2013,12/16/2013,2
20131203,CA,2.61,3.24,11.62,54.94,27.59,0,19.478,12/3/2013,12/9/2013,2
20131126,CA,2.61,3.24,11.62,54.94,27.59,0,19.478,11/26/2013,12/2/2013,2
20131119,CA,2.61,1.39,11.87,56.53,27.59,0,19.476,11/19/2013,11/25/2013,2
20131112,CA,2.61,1.39,11.87,72.77,11.36,0,19.478,11/12/2013,11/18/2013,2
20131105,CA,2.62,1.39,11.86,72.77,11.36,0,19.476,11/5/2013,11/11/2013,2
20131029,CA,2.66,1.36,11.86,72.77,11.36,0,19.47,10/29/2013,11/4/2013,2
20131022,CA,2.66,1.36,11.86,72.77,11.36,0,19.47,10/22/2013,10/28/2013,2
20131015,CA,2.65,1.4,11.82,72.77,11.36,0,19.47,10/15/2013,10/21/2013,2
20131008,CA,2.52,1.53,11.83,72.77,11.36,0,19.498,10/8/2013,10/14/2013,2
20131001,CA,2.63,1.42,11.83,72.77,11.36,0,19.476,10/1/2013,10/7/2013,2
20130924,CA,2.63,1.34,6.2,78.48,11.36,0,19.476,9/24/2013,9/30/2013,2
20130917,CA,2.63,1.34,6.2,78.48,11.36,0,19.476,9/17/2013,9/23/2013,2
20130910,CA,0,2.92,4.15,81.58,11.36,0,20.002,9/10/2013,9/16/2013,2
20130903,CA,0,2.92,4.15,81.58,11.36,0,20.002,9/3/2013,9/9/2013,2
20130827,CA,0,1.77,4.37,82.5,11.36,0,20,8/27/2013,9/2/2013,2
20130820,CA,0,1.77,4.37,82.5,11.36,0,20,8/20/2013,8/26/2013,2
20130813,CA,0,1.77,4.37,82.5,11.36,0,20,8/13/2013,8/19/2013,2
20130806,CA,0,1.77,4.37,93.86,0,0,20,8/6/2013,8/12/2013,2
20130730,CA,0,1.77,4.37,93.86,0,0,20,7/30/2013,8/5/2013,2
20130723,CA,0,1.77,4.27,93.96,0,0,20,7/23/2013,7/29/2013,2
20130716,CA,0,1.77,4.27,93.96,0,0,20,7/16/2013,7/22/2013,2
20130709,CA,0,1.77,5.53,92.7,0,0,20,7/9/2013,7/15/2013,2
20130702,CA,0,1.77,5.53,92.7,0,0,20,7/2/2013,7/8/2013,2
20130625,CA,0,1.79,5.6,92.61,0,0,20,6/25/2013,7/1/2013,2
20130618,CA,0,1.79,31.14,67.07,0,0,20,6/18/2013,6/24/2013,2
20130611,CA,0,1.84,44.62,53.54,0,0,20,6/11/2013,6/17/2013,2
20130604,CA,0,1.84,44.52,53.64,0,0,20,6/4/2013,6/10/2013,2
20130528,CA,0,1.84,51.91,46.25,0,0,20,5/28/2013,6/3/2013,2
20130521,CA,0,1.84,51.91,46.25,0,0,20,5/21/2013,5/27/2013,2
20130514,CA,0,1.84,51.91,46.25,0,0,20,5/14/2013,5/20/2013,2
20130507,CA,0,1.84,51.91,46.25,0,0,20,5/7/2013,5/13/2013,2
20130430,CA,0,35.7,31.47,32.82,0,0,19.998,4/30/2013,5/6/2013,2
20130423,CA,2.84,33.74,33.42,30,0,0,19.432,4/23/2013,4/29/2013,2
20130416,CA,2.84,48.77,25.17,23.22,0,0,19.432,4/16/2013,4/22/2013,2
20130409,CA,2.84,48.77,25.17,23.22,0,0,19.432,4/9/2013,4/15/2013,2
20130402,CA,0,51.62,24.16,24.22,0,0,20,4/2/2013,4/8/2013,2
20130326,CA,0,51.62,24.16,24.22,0,0,20,3/26/2013,4/1/2013,2
20130319,CA,12.85,38.77,24.19,24.19,0,0,17.43,3/19/2013,3/25/2013,2
20130312,CA,15.63,38.14,22.05,24.19,0,0,16.876,3/12/2013,3/18/2013,2
20130305,CA,0.03,52.6,20.41,26.96,0,0,19.994,3/5/2013,3/11/2013,2
20130226,CA,0.02,52.85,20.17,26.96,0,0,19.996,2/26/2013,3/4/2013,2
20130219,CA,15.45,37.37,23.46,23.72,0,0,16.91,2/19/2013,2/25/2013,2
20130212,CA,34.53,18.29,23.46,23.72,0,0,13.094,2/12/2013,2/18/2013,2
20130205,CA,34.2,18.62,25.62,21.57,0,0,13.162,2/5/2013,2/11/2013,2
20130129,CA,34.2,18.62,25.62,21.57,0,0,13.162,1/29/2013,2/4/2013,2
20130122,CA,34.2,12.23,32.01,21.57,0,0,13.162,1/22/2013,1/28/2013,2
20130115,CA,34.2,12.23,32.01,21.57,0,0,13.162,1/15/2013,1/21/2013,2
20130108,CA,32.42,12.56,33.65,21.37,0,0,13.516,1/8/2013,1/14/2013,2
20130101,CA,31.75,12.93,32.82,22.5,0,0,13.65,1/1/2013,1/7/2013,2
20121225,CA,30.94,12.87,30.96,25.17,0.05,0,13.81,12/25/2012,12/31/2012,2
20121218,CA,30.94,12.87,30.04,26.1,0.05,0,13.812,12/18/2012,12/24/2012,2
20121211,CA,30.94,11.11,31.35,26.54,0.05,0,13.81,12/11/2012,12/17/2012,2
20121204,CA,23.15,17.49,32.76,26.54,0.05,0,15.368,12/4/2012,12/10/2012,2
20121127,CA,6.77,22.76,42.31,27.02,1.14,0,18.646,11/27/2012,12/3/2012,2
20121120,CA,4.82,27.51,46.06,20.47,1.14,0,19.036,11/20/2012,11/26/2012,2
20121113,CA,7.19,26.44,47.27,17.95,1.14,0,18.56,11/13/2012,11/19/2012,2
20121106,CA,7.19,25.06,48.65,17.95,1.14,0,18.56,11/6/2012,11/12/2012,2
20121030,CA,6.73,24.79,49.38,17.95,1.14,0,18.652,10/30/2012,11/5/2012,2
20121023,CA,6.75,24.76,49.38,17.95,1.14,0,18.646,10/23/2012,10/29/2012,2
20121016,CA,6.64,24.89,49.38,17.95,1.14,0,18.672,10/16/2012,10/22/2012,2
20121009,CA,6.64,23.78,47.6,20.83,1.14,0,18.67,10/9/2012,10/15/2012,2
20121002,CA,11.94,18.65,47.44,20.83,1.14,0,17.612,10/2/2012,10/8/2012,2
20120925,CA,11.95,18.64,47.14,21.12,1.14,0,17.608,9/25/2012,10/1/2012,2
20120918,CA,11.95,18.97,46.82,21.12,1.14,0,17.61,9/18/2012,9/24/2012,2
20120911,CA,11.74,19.13,46.82,21.17,1.14,0,17.652,9/11/2012,9/17/2012,2
20120904,CA,11.74,18.97,46.53,21.61,1.14,0,17.65,9/4/2012,9/10/2012,2
20120828,CA,11.74,18.82,46.39,21.9,1.14,0,17.65,8/28/2012,9/3/2012,2
20120821,CA,11.3,19.49,45.91,23.01,0.29,0,17.74,8/21/2012,8/27/2012,2
20120814,CA,11.3,24.86,40.53,23.02,0.29,0,17.74,8/14/2012,8/20/2012,2
20120807,CA,11.64,24.55,40.49,23.02,0.29,0,17.67,8/7/2012,8/13/2012,2
20120731,CA,11.64,24.55,40.2,23.32,0.29,0,17.672,7/31/2012,8/6/2012,2
20120724,CA,11.64,24.55,36.96,26.56,0.29,0,17.672,7/24/2012,7/30/2012,2
20120717,CA,15.88,24.38,36.81,22.92,0,0,16.822,7/17/2012,7/23/2012,2
20120710,CA,15.88,24.38,36.81,22.92,0,0,16.822,7/10/2012,7/16/2012,2
20120703,CA,15.88,24.35,36.85,22.92,0,0,16.824,7/3/2012,7/9/2012,2
20120626,CA,15.89,24.6,36.74,22.76,0,0,16.82,6/26/2012,7/2/2012,2
20120619,CA,15.89,24.6,36.91,22.6,0,0,16.822,6/19/2012,6/25/2012,2
20120612,CA,15.89,25.22,36.3,22.6,0,0,16.824,6/12/2012,6/18/2012,2
20120605,CA,15.89,25.22,36.3,22.6,0,0,16.824,6/5/2012,6/11/2012,2
20120529,CA,15.89,25.22,36.3,22.6,0,0,16.824,5/29/2012,6/4/2012,2
20120522,CA,15.89,25.22,36.3,22.6,0,0,16.824,5/22/2012,5/28/2012,2
20120515,CA,15.89,25.22,36.3,22.6,0,0,16.824,5/15/2012,5/21/2012,2
20120508,CA,15.89,25.22,37.75,21.14,0,0,16.822,5/8/2012,5/14/2012,2
20120501,CA,15.84,25.19,37.83,21.14,0,0,16.832,5/1/2012,5/7/2012,2
20120424,CA,15.84,23.93,37.36,22.87,0,0,16.832,4/24/2012,4/30/2012,2
20120417,CA,15.84,23.93,33.88,26.35,0,0,16.832,4/17/2012,4/23/2012,2
20120410,CA,4.89,13.64,32.48,49,0,0,19.024,4/10/2012,4/16/2012,2
20120403,CA,3.54,14.45,35.75,46.25,0,0,19.29,4/3/2012,4/9/2012,2
20120327,CA,2.22,8.16,43.36,46.25,0,0,19.554,3/27/2012,4/2/2012,2
20120320,CA,2.22,8.17,49.47,40.14,0,0,19.556,3/20/2012,3/26/2012,2
20120313,CA,0.11,9.75,44.42,45.73,0,0,19.98,3/13/2012,3/19/2012,2
20120306,CA,4.39,20.38,59.22,16.02,0,0,19.124,3/6/2012,3/12/2012,2
20120228,CA,4.39,23.53,56.07,16.02,0,0,19.124,2/28/2012,3/5/2012,2
20120221,CA,4.77,27.47,62.7,5.06,0,0,19.046,2/21/2012,2/27/2012,2
20120214,CA,10.37,30.57,59.06,0,0,0,17.926,2/14/2012,2/20/2012,2
20120207,CA,10.37,30.57,59.06,0,0,0,17.926,2/7/2012,2/13/2012,2
20120131,CA,11.09,31.58,57.33,0,0,0,17.782,1/31/2012,2/6/2012,2
20120124,CA,19.12,39.65,41.23,0,0,0,16.176,1/24/2012,1/30/2012,2
20120117,CA,18.74,34.92,43.23,3.1,0,0,16.25,1/17/2012,1/23/2012,2
20120110,CA,19.1,34.56,43.23,3.1,0,0,16.178,1/10/2012,1/16/2012,2
20120103,CA,29.91,23.75,46.34,0,0,0,14.018,1/3/2012,1/9/2012,2
20111227,CA,33.91,60.67,5.41,0,0,0,13.216,12/27/2011,1/2/2012,2
20111220,CA,71.58,28.42,0,0,0,0,5.684,12/20/2011,12/26/2011,2
20111213,CA,74.32,25.68,0,0,0,0,5.136,12/13/2011,12/19/2011,2
20111206,CA,82.53,17.47,0,0,0,0,3.494,12/6/2011,12/12/2011,2
20111129,CA,88.32,11.68,0,0,0,0,2.336,11/29/2011,12/5/2011,2
20111122,CA,88.42,11.58,0,0,0,0,2.316,11/22/2011,11/28/2011,2
20111115,CA,88.42,11.58,0,0,0,0,2.316,11/15/2011,11/21/2011,2
20111108,CA,88.51,11.49,0,0,0,0,2.298,11/8/2011,11/14/2011,2
20111101,CA,89.22,10.78,0,0,0,0,2.156,11/1/2011,11/7/2011,2
20111025,CA,89.25,10.75,0,0,0,0,2.15,10/25/2011,10/31/2011,2
20111018,CA,89.25,10.75,0,0,0,0,2.15,10/18/2011,10/24/2011,2
20111011,CA,89.25,10.75,0,0,0,0,2.15,10/11/2011,10/17/2011,2
20111004,CA,89.25,10.75,0,0,0,0,2.15,10/4/2011,10/10/2011,2
20110927,CA,89.14,10.86,0,0,0,0,2.172,9/27/2011,10/3/2011,2
20110920,CA,89.14,10.86,0,0,0,0,2.172,9/20/2011,9/26/2011,2
20110913,CA,87.36,12.64,0,0,0,0,2.528,9/13/2011,9/19/2011,2
20110906,CA,87.55,12.45,0,0,0,0,2.49,9/6/2011,9/12/2011,2
20110830,CA,92.14,7.86,0,0,0,0,1.572,8/30/2011,9/5/2011,2
20110823,CA,92.12,7.88,0,0,0,0,1.576,8/23/2011,8/29/2011,2
20110816,CA,92.12,7.88,0,0,0,0,1.576,8/16/2011,8/22/2011,2
20110809,CA,85.34,14.66,0,0,0,0,2.932,8/9/2011,8/15/2011,2
20110802,CA,85.34,14.66,0,0,0,0,2.932,8/2/2011,8/8/2011,2
20110726,CA,85.34,14.66,0,0,0,0,2.932,7/26/2011,8/1/2011,2
20110719,CA,85.34,14.66,0,0,0,0,2.932,7/19/2011,7/25/2011,2
20110712,CA,87.87,12.13,0,0,0,0,2.426,7/12/2011,7/18/2011,2
20110705,CA,87.71,12.29,0,0,0,0,2.458,7/5/2011,7/11/2011,2
20110628,CA,87.71,12.29,0,0,0,0,2.458,6/28/2011,7/4/2011,2
20110621,CA,99.99,0.01,0,0,0,0,0.002,6/21/2011,6/27/2011,2
20110614,CA,99.99,0.01,0,0,0,0,0.002,6/14/2011,6/20/2011,2
20110607,CA,99.99,0.01,0,0,0,0,0.002,6/7/2011,6/13/2011,2
20110531,CA,99.99,0.01,0,0,0,0,0.002,5/31/2011,6/6/2011,2
20110524,CA,99.99,0.01,0,0,0,0,0.002,5/24/2011,5/30/2011,2
20110517,CA,99.99,0.01,0,0,0,0,0.002,5/17/2011,5/23/2011,2
20110510,CA,99.99,0.01,0,0,0,0,0.002,5/10/2011,5/16/2011,2
20110503,CA,99.99,0.01,0,0,0,0,0.002,5/3/2011,5/9/2011,2
20110426,CA,99.99,0.01,0,0,0,0,0.002,4/26/2011,5/2/2011,2
20110419,CA,99.99,0.01,0,0,0,0,0.002,4/19/2011,4/25/2011,2
20110412,CA,99.99,0.01,0,0,0,0,0.002,4/12/2011,4/18/2011,2
20110405,CA,99.99,0.01,0,0,0,0,0.002,4/5/2011,4/11/2011,2
20110329,CA,99.94,0.06,0,0,0,0,0.012,3/29/2011,4/4/2011,2
20110322,CA,96.87,3.13,0,0,0,0,0.626,3/22/2011,3/28/2011,2
20110315,CA,94.2,5.8,0,0,0,0,1.16,3/15/2011,3/21/2011,2
20110308,CA,94.2,5.8,0,0,0,0,1.16,3/8/2011,3/14/2011,2
20110301,CA,99.94,0.06,0,0,0,0,0.012,3/1/2011,3/7/2011,2
20110222,CA,99.94,0.06,0,0,0,0,0.012,2/22/2011,2/28/2011,2
20110215,CA,77.34,22.66,0,0,0,0,4.532,2/15/2011,2/21/2011,2
20110208,CA,77.34,22.66,0,0,0,0,4.532,2/8/2011,2/14/2011,2
20110201,CA,99.94,0.06,0,0,0,0,0.012,2/1/2011,2/7/2011,2
20110125,CA,99.94,0.06,0,0,0,0,0.012,1/25/2011,1/31/2011,2
20110118,CA,99.94,0.06,0,0,0,0,0.012,1/18/2011,1/24/2011,2
20110111,CA,99.93,0.07,0,0,0,0,0.014,1/11/2011,1/17/2011,2
20110104,CA,98.62,1.38,0,0,0,0,0.276,1/4/2011,1/10/2011,2
20101228,CA,98.62,1.38,0,0,0,0,0.276,12/28/2010,1/3/2011,2
20101221,CA,94.86,5.14,0,0,0,0,1.028,12/21/2010,12/27/2010,2
20101214,CA,79.56,19.19,1.25,0,0,0,4.088,12/14/2010,12/20/2010,2
20101207,CA,78.93,18.93,2.14,0,0,0,4.214,12/7/2010,12/13/2010,2
20101130,CA,81.67,15.92,2.41,0,0,0,3.666,11/30/2010,12/6/2010,2
20101123,CA,90.14,7.45,2.41,0,0,0,1.972,11/23/2010,11/29/2010,2
20101116,CA,90.14,5.24,4.43,0.19,0,0,1.972,11/16/2010,11/22/2010,2
20101109,CA,90.14,5.24,4.43,0.19,0,0,1.972,11/9/2010,11/15/2010,2
20101102,CA,90.14,5.24,4.43,0.19,0,0,1.972,11/2/2010,11/8/2010,2
